{"cameraMode":{"drawMode":0,"name":"Shaded","section":"Shading Mode"},"sceneLighting":false,"audioPlay":false,"sceneViewState":{"showFog":false,"showMaterialUpdate":false,"showSkybox":false,"showFlares":false,"showImageEffects":false,"showParticleSystems":false},"in2DMode":false,"pivot":{"x":0.0,"y":-0.3500000238418579,"z":-0.2800000011920929},"rotation":{"x":0.16009941697120667,"y":-0.012756934389472008,"z":0.0020683705806732179,"w":0.9870163202285767},"size":5.391034126281738,"orthographic":false}