{"cameraMode":{"drawMode":0,"name":"Shaded","section":"Shading Mode"},"sceneLighting":false,"audioPlay":false,"sceneViewState":{"showFog":false,"showMaterialUpdate":false,"showSkybox":false,"showFlares":false,"showImageEffects":false,"showParticleSystems":false},"in2DMode":false,"pivot":{"x":-7.144711971282959,"y":-51.32733154296875,"z":112.05303955078125},"rotation":{"x":0.16009941697120667,"y":-0.012756934389472008,"z":0.0020683705806732179,"w":0.9870163202285767},"size":140.87815856933595,"orthographic":false}